ID,Nombre,Apellido,Edad,Peso (kg),Altura (cm),Ciudad,Correo Electr√≥nico,Fecha de Registro
1,Nicole,Vargas,39,75.7,167.4,West Anthony,emedina@carter-lyons.net,2024-03-06
2,Christina,Cooke,59,94.1,196.4,Brianport,jesus61@yahoo.com,2023-08-18
3,Brianna,Stark,61,57.2,185.4,Summersville,garrett02@larson.com,2025-04-26
4,Hannah,Leonard,56,73.8,168.4,West Bryceburgh,cherylgonzalez@sanchez.com,2024-06-26
5,Eric,Thomas,63,85.6,192.8,Andreaside,jamie10@smith.net,2024-02-27
6,Andrea,Fisher,36,95.4,188.7,South Lindamouth,thomas11@smith.com,2024-04-30
7,Jason,Bishop,51,73.0,179.4,Lake Jared,billy28@gmail.com,2025-05-08
8,Dylan,Gibson,45,68.1,189.3,New Jamesbury,matthewglenn@martinez.org,2024-03-27
9,Susan,Carter,22,51.6,152.9,Jacksonport,williamsonlinda@white.info,2023-07-21
10,Vicki,White,20,98.1,168.7,Scottfort,rogersmichael@miles-patton.com,2023-07-19
11,Nancy,Schmidt,63,69.7,163.4,Carloschester,melissa85@yahoo.com,2024-08-18
12,Bryan,Hodges,29,71.8,163.7,Port Kelly,gardnerseth@gmail.com,2025-05-29
13,Raven,Owens,25,95.3,191.8,South Christopher,cameronkristen@gmail.com,2024-09-22
14,Cindy,Hicks,43,52.8,155.1,Saraberg,tcherry@hotmail.com,2025-02-13
15,Courtney,Murphy,18,97.0,192.6,Emmafort,isingleton@woodard.org,2023-07-08
16,Jennifer,Lamb,35,80.9,198.9,Port Jefferyfurt,tyler84@west-pena.com,2023-07-22
17,Krista,Marshall,40,86.6,196.7,Christophermouth,brendahernandez@hotmail.com,2024-06-23
18,James,Garcia,19,64.0,196.2,Port Stephanieport,damonjackson@hotmail.com,2025-01-28
19,Calvin,Lindsey,67,53.4,183.0,North Matthew,colemansarah@hotmail.com,2024-04-08
20,Brian,Hoffman,25,59.1,181.1,Port Lynnberg,franklingerald@yahoo.com,2023-06-16
21,Anthony,Norman,41,61.2,189.0,Davisfurt,rrodriguez@hotmail.com,2024-01-08
22,Kenneth,Barnes,25,84.6,159.8,North Loriborough,hollyjohnson@gmail.com,2023-07-07
23,Peggy,Simpson,57,62.4,170.1,New Andrew,pjohnston@hotmail.com,2025-03-03
24,Bradley,Walter,32,89.2,171.9,Sanchezmouth,xmaldonado@hotmail.com,2024-04-22
25,Summer,Bell,54,95.7,192.9,Connieview,ymarquez@ramos.com,2024-10-14
26,Jacob,Sanchez,48,84.1,194.9,Leestad,stewartpam@yahoo.com,2023-12-25
27,Charlene,Hamilton,29,92.8,166.5,Tanyaton,audreywerner@gmail.com,2023-07-01
28,Michael,Perez,30,71.5,189.9,Shawview,cruzbrenda@yahoo.com,2023-08-12
29,Victoria,Powell,53,52.1,195.8,East Joseph,rosedominique@yahoo.com,2025-01-16
30,Natalie,Villegas,18,94.8,197.9,New Julianmouth,thomasdanielle@gmail.com,2024-08-13
31,Renee,Baker,40,64.9,174.4,North Michael,gwebster@bishop.net,2023-07-05
32,Jesse,Holmes,60,74.4,164.2,North Walterville,ldiaz@warner-harris.com,2023-11-09
33,Thomas,Burton,41,50.5,151.8,East Denise,kimberly76@gmail.com,2025-01-24
34,Tommy,Richardson,60,54.8,194.0,South Shawn,mkim@vargas-hicks.com,2024-08-12
35,Timothy,Chandler,53,87.5,160.6,West Lawrencebury,joseph48@yahoo.com,2025-03-22
36,Jesse,Osborn,25,75.7,181.2,Guerreroside,ujordan@gmail.com,2024-05-25
37,Christopher,Smith,35,97.7,155.5,West Michelletown,jenniferrogers@obrien.com,2024-12-18
38,Jean,Patel,67,76.8,182.6,Cartermouth,kathygreene@underwood.com,2025-03-04
39,Todd,Sloan,36,93.6,180.0,Johnsonstad,wwilliams@hotmail.com,2024-11-18
40,Kenneth,Turner,36,93.9,167.4,New Garyshire,mnguyen@gmail.com,2023-12-20
41,Stephanie,Oconnell,66,85.8,164.6,Wilkinsview,dbrown@jackson.net,2025-02-08
42,Craig,Ramos,19,67.2,159.9,West Jeremy,jenniferpatel@thompson-smith.com,2025-04-20
43,Christine,Mora,52,52.0,175.6,Pottstown,ekirby@fisher.com,2024-03-23
44,Lynn,Norton,56,99.1,178.6,Sarahmouth,amandabutler@hotmail.com,2024-06-29
45,Brian,George,51,57.6,178.3,Charlesview,hulljennifer@yahoo.com,2024-10-24
46,Vanessa,Mcdowell,69,67.2,169.2,East Bradhaven,marclewis@camacho.com,2024-10-13
47,Shaun,Wolfe,27,55.4,150.5,Clarkmouth,timothy52@hotmail.com,2023-10-09
48,Crystal,Garcia,54,86.6,154.4,Steveville,estewart@hotmail.com,2025-05-14
49,Ann,Cook,34,81.4,151.1,New Sonya,cookruben@yahoo.com,2024-01-21
50,Patricia,Petty,64,96.2,191.4,Banksburgh,veronicabrown@hotmail.com,2024-12-11
51,Ana,Richard,46,71.8,198.3,New Michelle,washingtonadam@cordova.net,2024-01-05
52,Austin,Zimmerman,33,64.6,199.4,South Jacobshire,kgray@chang.org,2024-10-05
53,Sierra,Davis,45,79.3,174.9,Russellfort,vcooley@gmail.com,2025-06-01
54,Ashley,Navarro,29,64.4,163.6,Rachelborough,keith35@bright.com,2024-05-01
55,Erik,Nielsen,31,66.7,190.4,Jennifershire,christopherlee@lopez.net,2024-04-01
56,Vicki,Adams,69,72.7,165.9,Robinsontown,trujillokristie@carter.biz,2023-11-15
57,Jacob,Moore,22,67.4,179.1,Valdezchester,andrewlin@gmail.com,2024-05-06
58,Stephen,Walsh,58,67.3,153.3,Nicholasmouth,victoriaherrera@sanders-costa.com,2024-12-28
59,Laurie,Barker,28,78.2,178.0,Port Willieborough,tammyjones@anderson.org,2023-06-20
60,Emily,David,48,68.2,151.9,East Christineland,whitejohn@villarreal-combs.com,2023-06-29
61,Sherry,Franklin,59,98.8,174.4,East Victoriaview,ratkinson@warren.com,2025-05-21
62,Angela,Cherry,36,66.2,169.3,Mitchellchester,ruth63@paul-johnson.com,2024-03-01
63,Anna,Powell,45,80.7,175.9,West Jeremy,idixon@gmail.com,2023-07-20
64,Holly,Perez,29,61.5,158.4,Nicholetown,johnrodriguez@mason.com,2024-12-18
65,Connie,Soto,44,69.4,164.3,Amyside,kelseywood@lucas.net,2024-02-05
66,Tyler,Lopez,48,94.3,194.2,Port Michael,gamblemary@johnson.net,2025-05-05
67,Pamela,Jackson,37,82.0,186.6,East Dillon,kennedykristin@thomas-brandt.com,2024-11-01
68,Robert,Ho,42,55.7,182.2,Thompsonborough,johnsonbrett@gmail.com,2024-09-17
69,Kenneth,Lewis,41,65.0,153.0,New Thomas,sanchezwillie@yahoo.com,2024-08-20
70,Calvin,Arnold,52,71.5,198.2,Jerryview,george02@gmail.com,2023-10-08
71,Lonnie,West,31,58.6,176.4,New Jacob,thomas29@wells-franco.org,2023-12-19
72,Megan,Morrow,50,83.6,174.1,Port Monique,victoriamorris@pruitt-smith.info,2025-05-18
73,Lori,Barton,37,73.0,194.2,Doylebury,derek96@gmail.com,2024-05-15
74,Tina,Campos,51,68.9,199.4,Gomezton,chowell@gmail.com,2024-08-13
75,Jennifer,Berry,56,82.7,156.2,Connerfort,christine64@armstrong.biz,2024-02-14
76,Jessica,Baker,26,71.8,163.4,Stephensmouth,afields@yahoo.com,2023-10-08
77,Jerome,Garner,36,66.2,199.0,South Travisview,margaret87@hotmail.com,2023-10-10
78,David,Buck,38,94.7,168.1,Abigailshire,jowens@joseph.biz,2024-09-05
79,Chelsea,Guerra,43,56.9,151.6,Kerrfurt,emyers@sanchez.com,2024-12-27
80,Eugene,Garcia,35,53.8,181.8,Port Sheri,bmcclure@hotmail.com,2024-01-16
81,Brenda,Martin,32,82.6,158.2,Martinville,davidlewis@robinson-king.com,2024-10-12
82,Robert,White,46,71.1,161.1,Goodmouth,caldwellkathleen@gmail.com,2025-02-19
83,Nicholas,Baxter,32,88.5,159.2,East Jerryview,leslielittle@yahoo.com,2024-08-14
84,Kelly,Wells,33,72.9,167.8,Martinezfort,kristahernandez@thomas-brown.biz,2024-05-15
85,Ethan,Schmidt,34,71.4,150.8,Lake Josephbury,terrellmichelle@hotmail.com,2025-06-03
86,Robert,May,38,52.9,193.4,Hensleyview,williamscheyenne@gmail.com,2023-09-21
87,Jacqueline,Mcdonald,30,92.4,165.7,Josephshire,xnelson@maldonado-ball.com,2024-05-18
88,Benjamin,Rodriguez,42,79.2,195.2,Port William,kimberlyzamora@hotmail.com,2024-01-02
89,Adam,Morrison,47,85.5,190.1,Houstonside,wjohnson@yahoo.com,2024-11-29
90,Andrea,Wilson,42,85.3,193.9,North Theresaburgh,yarroyo@gmail.com,2023-08-08
91,Lauren,Butler,34,75.1,167.5,Cookhaven,fgreen@hotmail.com,2024-04-21
92,Stuart,Horton,41,69.7,182.4,Collinston,apalmer@yahoo.com,2025-03-30
93,Linda,Roach,64,65.8,173.1,Port Seanchester,jason82@bond.com,2025-02-12
94,Wesley,Anderson,29,50.7,157.2,North Larry,lopezrachel@smith.biz,2025-02-21
95,Danielle,Charles,37,52.0,160.3,New Kristinstad,philip75@roberts.biz,2025-04-18
96,Anthony,Roberts,33,85.6,177.4,Robertberg,cody50@gmail.com,2024-06-18
97,Matthew,Hernandez,20,52.9,175.6,North Johnborough,rebekah96@yahoo.com,2024-02-01
98,Chris,Watson,44,81.4,187.9,Stevenport,mcclainnancy@sexton-davis.biz,2025-03-26
99,Christopher,Cameron,60,68.3,151.2,West Ricky,alexpratt@carson.net,2023-11-09
100,Eric,Long,34,69.3,156.3,Jeremyland,vmorris@yahoo.com,2025-01-12
